model,variant,auc_mean,auc_ci_lo,auc_ci_hi,recall_mean,recall_ci_lo,recall_ci_hi,csi_mean,csi_ci_lo,csi_ci_hi,opt_threshold
Logistic Regression,Baseline,0.7351209493984833,0.628374333513717,0.8258567916160027,0.1781026709938823,0.043432971014492755,0.34217332123411975,0.1663463451171763,0.04,0.32,0.8712121212121212
Logistic Regression,Quantum,0.7549886722306115,0.6733808095122993,0.831332962388874,0.356740644108393,0.18181818181818182,0.5454545454545454,0.14291617389260702,0.06408730158730158,0.23611742424242424,0.7078787878787879
Gradient Boosting,Baseline,0.6831292363412275,0.5730834859661448,0.7835607027621175,0.18266407504803311,0.05555555555555555,0.3333333333333333,0.13171961400966165,0.034482758620689655,0.25,0.792020202020202
Gradient Boosting,Quantum,0.6593940177063625,0.5507442035997167,0.7588801559428361,0.3217669289733168,0.15384615384615385,0.5,0.11573158186598123,0.0493676603432701,0.1940641619488763,0.2822222222222222
Neural Network,Baseline,0.7539258483440108,0.6476877479191052,0.8444046960348592,0.1781026709938823,0.043432971014492755,0.34217332123411975,0.17179119794994271,0.041625,0.32284946236559114,0.6237373737373737
Neural Network,Quantum,0.7374204966516151,0.6513930253039789,0.8208613926119648,0.17719026482418412,0.049940476190476195,0.34615384615384615,0.13050518592950408,0.03225806451612903,0.24391598915989157,0.6979797979797979
